Field_name,Field_locator_name,Field_locator_value,,,
welcome_page_title,xpath,"//*[@id=""root""]/div/div/div/div/div/h4",,,
landing_login,xpath,"//*[@id=""root""]/div/div/div/div/div/button",,,
landing_logo,xpath,"//*[@alt=""Home""]",,,
login_email,xpath,"//*[@id=""username""]",,,
login_password,xpath,"//*[@id=""password""]",,,
login,xpath,"//*[@id=""kc-login""]",,,
login_title,xpath,"//*[@id=""kc-page-title""]",,,
username,xpath,"//*[@id=""username""]",,,
password,xpath,"//*[@id=""password""]",,,
login,xpath,"//*[@id=""kc-login""]",,,
superadmin_welcome_page_title,xpath,"//*[@id=""root""]/div/div[3]/div[2]/div/div[1]/div/div[1]/div[1]/b",,,
setup_org,xpath,"//*[@id=""root""]/div/div/div[2]/div/div[1]/div/div/div/div/div[2]/div/div[2]/div/button/span[1]",,,
org_name,xpath,"//*[@id=""name""]",,,
org_db,xpath,"//*[@id=""db""]",,,
org_ein,xpath,"//*[@id=""ein""]",,,
org_type,xpath,//*[@id='typeCode-select'],,,
org_bus_con_no,xpath,"//*[@id=""addresses[0].contacts[0].phone""]",,,
org_email,xpath,"//*[@id=""addresses[0].contacts[0].email""]",,,
org_faxno,xpath,"//*[@id=""addresses[0].contacts[0].fax""]",,,
org_add_name,xpath,"//*[@id=""addresses[0].name""]",,,
org_add_type,xpath,"//*[@id=""addresses[0].type-select""]",,,
org_apt,xpath,"//*[@id=""addresses[0].line1""]",,,
org_street_add,xpath,"//*[@id=""addresses[0].line2""]",,,
org_city_add,xpath,"//*[@id=""addresses[0].city""]",,,
org_state_add,xpath,"//*[@id=""addresses[0].state-select""]",,,
org_zip,xpath,"//*[@id=""addresses[0].zip""]",,,
org_save,xpath,//*[@type='submit'],,,
org_title,xpath,"//*[@id=""root""]/div/div/div[2]/div/div[1]/div/div/div/div/div[1]/div/b",,,
org_type_item,xpath,"//*[@id=""menu-""]/div[3]/ul/li[6]",,,
org_add_type_item,xpath,"//*[@id=""menu-""]/div[3]/ul/li[2]",,,
org_state_add_item,xpath,"//*[@id=""menu-""]/div[3]/ul/li[5]",,,
org_add_ano_add_button,xpath,/html/body/div[4]/div[3]/div/div[2]/div/form/div[3]/button/span[1],,,
org_add_ano_add_busno,xpath,"//*[@id=""addresses[1].contacts[0].phone""]",,,
org_add_add_email,xpath,"//*[@id=""addresses[1].contacts[0].email""]",,,
org_add_add_faxno,xpath,"//*[@id=""addresses[1].contacts[0].fax""]",,,
org_add_add_name,xpath,"//*[@id=""addresses[1].name""]",,,
org_add_add_type,xpath,"//*[@id=""addresses[1].type-select""]",,,
org_add_add_type_item,xpath,"//*[@id=""menu-""]/div[3]/ul/li[3]",,,
org_add_add_apt,xpath,"//*[@id=""addresses[1].line1""]",,,
org_add_add_streetadd,xpath,"//*[@id=""addresses[1].line2""]",,,
org_add_add_cityadd,xpath,"//*[@id=""addresses[1].city""]",,,
org_add_add_state,xpath,"//*[@id=""addresses[1].state-select""]",,,
org_add_add_stateitem,xpath,"//*[@id=""menu-""]/div[3]/ul/li[9]",,,
org_add_add_zip,xpath,"//*[@id=""addresses[1].zip""]",,,
org_edit_icon,xpath,//div[2]/div/div[1]/div/div[1]/div[2]/div[1]/div[2]/button,,,
org_edit_org_name,xpath,"//*[@id=""name""]",,,
org_edit_org_db,xpath,"//*[@id=""db""]",,,
org_edit_org_ein,xpath,"//*[@id=""ein""]",,,
org_edit_org_type,xpath,"//*[@id=""typeCode-select""]",,,
org_edit_org_type_item,xpath,"//*[@id=""menu-""]/div[3]/ul/li[6]",,,
org_edit_save,xpath,//button[@type='submit'],,,
org_add_address_icon,xpath,//button[@title='Add new address'],,,
org_add_address_busno,xpath,//*[@id='contacts[0].phone'],,,
org_add_address_email,xpath,//*[@id='contacts[0].email'],,,
org_add_address_faxno,xpath,//*[@id='contacts[0].fax'],,,
org_add_address_name,xpath,"//*[@id=""name""]",,,
org_add_address_type,xpath,"//*[@id=""type-select""]",,,
org_add_address_type_item,xpath,"//*[@id=""menu-""]/div[3]/ul/li[2]",,,
org_add_address_apt,xpath,"//*[@id=""line1""]",,,
org_add_address_street,xpath,"//*[@id=""line2""]",,,
org_add_address_city,xpath,"//*[@id=""city""]",,,
org_add_address_state_type,xpath,"//*[@id=""state-select""]",,,
org_add_address_state_item,xpath,"//*[@id=""menu-""]/div[3]/ul/li[6]",,,
org_add_address_zip,xpath,"//*[@id=""zip""]",,,
org_add_address_save,xpath,//button[@ type='submit'],,,
org_add_address_title,xpath,"//*[@id=""root""]/div/div[2]/div[2]/div/div[1]/div/div[1]/div[2]/div[1]/div[1]/div/span[1]",,,
org_address_edit_icon,xpath,"//*[@id=""root""]/div/div[3]/div[2]/div/div[1]/div/div[1]/div[2]/div[4]/div[1]/div[1]/div[2]/button[1]",,,
aff_add_button,xpath,"//*[@id=""root""]/div/div[3]/div[2]/div/div[1]/div/div[2]/div[2]/div/div[1]/div/div[2]/div/button",,,
aff_name,xpath,"//*[@id=""name""]",,,
aff_db,xpath,"//*[@id=""groupId""]",,,
aff_ein,xpath,"//*[@id=""ein""]",,,
aff_add_type,xpath,"//*[@id=""addresses[0].type-select""]",,,
aff_add_item,xpath,"//*[@id=""menu-""]/div[3]/ul/li[2]",,,
aff_busno,xpath,"//*[@id=""addresses[0].contacts[0].phone""]",,,
aff_email,xpath,"//*[@id=""addresses[0].contacts[0].email""]",,,
aff_faxno,xpath,"//*[@id=""addresses[0].contacts[0].fax""]",,,
aff_address_name,xpath,"//*[@id=""addresses[0].name""]",,,
aff_apt,xpath,"//*[@id=""addresses[0].line1""]",,,
aff_street_address,xpath,"//*[@id=""addresses[0].line2""]",,,
aff_city_address,xpath,"//*[@id=""addresses[0].city""]",,,
aff_state_type,xpath,"//*[@id=""addresses[0].state-select""]",,,
aff_state_item,xpath,"//*[@id=""menu-""]/div[3]/ul/li[1]",,,
aff_zip,xpath,"//*[@id=""addresses[0].zip""]",,,
aff_add_ano_add_button,xpath,/html/body/div[7]/div[3]/div/div[2]/form/div[3]/button,,,
aff_add_ano_add_type,xpath,"//*[@id=""addresses[1].type-select""]",,,
aff_add_ano_add_item,xpath,"//*[@id=""menu-""]/div[3]/ul/li[3]",,,
aff_add_ano_add_email,xpath,"//*[@id=""addresses[1].contacts[0].email""]",,,
aff_add_ano_add_busno,xpath,"//*[@id=""addresses[1].contacts[0].phone""]",,,
aff_add_ano_add_faxno,xpath,"//*[@id=""addresses[1].contacts[0].fax""]",,,
aff_add_ano_add_name,xpath,"//*[@id=""addresses[1].name""]",,,
aff_add_ano_add_apt,xpath,"//*[@id=""addresses[1].line1""]",,,
aff_add_ano_add_street,xpath,"//*[@id=""addresses[1].line2""]",,,
aff_add_ano_add_city,xpath,"//*[@id=""addresses[1].city""]",,,
aff_add_ano_add_state_type,xpath,"//*[@id=""addresses[1].state-select""]",,,
aff_add_ano_add_state_item,xpath,"//*[@id=""menu-""]/div[3]/ul/li[11]",,,
aff_add_ano_add_zip,xpath,"//*[@id=""addresses[1].zip""]",,,
aff_add_address_state_item,xpath,"//*[@id=""menu-""]/div[3]/ul/li[3]",,,
aff_address_save_button,xpath,//button[@ type='submit'],,,
lob_tab,xpath,"//*[@id=""root""]/div/div[1]/div/div/div[2]/ul/li[2]/button/span[1]",,,
lob_title,xpath,"//*[@id=""root""]/div/div[2]/div[2]/div/h2",,,
lob_add_button,xpath,"//*[@id=""root""]/div/div[3]/div[2]/div/div[1]/div[1]/div/div[3]/div/button/span[1]",,,
lob_name,xpath,"//*[@id=""name""]",,,
lob_planid,xpath,"//*[@id=""planId""]",,,
lob_plan_type,xpath,"//*[@id=""planTypeId-select""]",,,
lob_plan_item,xpath,"//*[@id=""menu-""]/div[3]/ul/li[2]",,,"//*[@id=""root""]/div/div[2]/div[2]/div/form/div[1]/div/div[4]/div/div/div/div/div/button[2]/span[1]"
lob_affiliate,xpath,"//*[@id=""affiliates""]",,,"//*[@id=""affiliates""]"
org_search,xpath,"//*[@placeholder=""Search Organization""]",,,
sa_logout,xpath,"//*[@id=""root""]/div/header/div/div[3]/button/span[1]/div",,,
logout,xpath,"//*[@id=""profile-menu""]/div[3]/ul/li[3]",,,
aff_edit_icon,xpath,//div[2]/div/div[1]/div/div[2]/div[2]/div/div[2]/div/div/div[1]/div[2]/button[1],,,
aff_edit_name,xpath,"//*[@id=""name""]",,,
aff_edit_email,xpath,"//*[@id=""addresses[0].contacts[0].email""]",,,
aff_edit_save,xpath,//button[@ type='submit'],,,
aff_add_address_icon,xpath,"//*[@id=""root""]/div/div[2]/div[2]/div/div[1]/div/div[2]/div[2]/div/div[2]/div/div/div[3]/div[1]/div/span[2]/button",,,
aff_add_address_save,xpath,/html/body/div[7]/div[3]/div/div[2]/form/div[2]/button[1]/span[1],,,
lob_item,xpath,"//*[@id=""root""]/div/div[2]/div[2]/div/form/div[1]/div/div[4]/div/div/div/div/div[1]/span",,,
lob_save,xpath,"//*[@id=""root""]/div/div[3]/div[2]/div/form/div[2]/button[2]/span[1]",,,
org_add_address_save,xpath,//button[@ type='submit'],,,
superadmin_users_tab,xpath,"//*[@id=""root""]/div/div[1]/div/div/div[2]/ul/li[3]/button/span[1]/span",,,
superadmin_invite_user,xpath,"//*[@id=""root""]/div/div[3]/div[2]/div/div[1]/div[2]/div/button",,,
superadmin_user_fn,xpath,"//*[@id=""firstName""]",,,
superadmin_user_ln,xpath,"//*[@id=""lastName""]",,,
superadmin_user_email,xpath,"//*[@id=""emailAddress""]",,,
superadmin_user_roles_type,xpath,"//*[@id=""userRoles""]",,,
superadmin_user_save,xpath,/html/body/div[7]/div[3]/div/div[2]/form/div[2]/button[1]/span[1],,,
gmail_un,xpath,"//*[@id=""identifierId""]",,,
gmail_un_next,xpath,"//*[@id=""identifierNext""]/div/button/span",,,
gmail_pwd,xpath,"//*[@id=""password""]/div[1]/div/div[1]/input",,,
gmail_pwd_next,xpath,"//*[@id=""passwordNext""]/div/button/span",,,
gmail_search,xpath,"//*[@id=""gs_lc50""]/input[1]",,,
gmail_update_link,xpath,"//*[contains(text(),'Link to account update')]",,,
gmail_update_url,xpath,"//*[contains(text(),'Click here to proceed')]",,,
gmail_update_newpwd,xpath,"//*[@id=""password-new""]",,,
gmail_update_conpwd,xpath,"//*[@id=""password-confirm""]",,,
gmail_update_submit,xpath,"//*[@id=""kc-form-buttons""]/input",,,
profile_icon,xpath,"//*[@id=""root""]/div/header/div/div[2]/button/span[1]/div",,,
lob_title_it,xpath,"//*[contains(text(),'Manage LOBs')]",,,
lob_add_button_it,xpath,"//*[contains(text(),'Add LOB')]",,,
lob_save_it,xpath,"//*[contains(text(),'Save Changes')]",,,
lob_affiliate_it,xpath,"//*[@id=""affiliates""]",,,
LOBName,xpath,"//*[@id=""root""]/div/div[3]/div[2]/div/div[1]/div[2]/div/div/div/div/div/div/div[1]/div[2]/div[3]/div[2]/div/div/div[1]/div[1]/div/span",,,
edit_lob_it,xpath,"//*[contains(text(),'Edit LOB')]",,,
lob_edit_save_it,xpath,"//*[contains(text(),'Save Changes')]",,,
add_new_config_manual,xpath,//div[2]/div/div[4]/div[1]/button/span[1],,,
freq_manual,xpath,"//*[@id=""frequency-select""]",,,
batch_start_date_manual,xpath,//div[3]/div/div[2]/form/div[1]/div[2]/div[2]/div/div/button,,,
batch_time_manual,xpath,//div[3]/div/div[2]/form/div[1]/div[3]/div[2]/div/div/button,,,
file_type_manual,xpath,"//*[@id=""fileType-select""]",,,
add_resource_button,xpath,"//*[contains(text(),'Add Resource')]",,,
add_resourse_manual,xpath,"//*[@id=""resources[0].resource-select""]",,,
add_resourse_org,xpath,"//*[@id=""menu-""]/div[3]/ul/li[3]",,,
add_resourse_practitioner,xpath,"//*[@id=""menu-""]/div[3]/ul/li[4]",,,
add_resourse_device,xpath,"//*[@id=""menu-""]/div[3]/ul/li[6]",,,
add_resourse_medication,xpath,"//*[@id=""menu-""]/div[3]/ul/li[18]",,,
resource_del_manual,xpath,//div[3]/div/div[2]/form/div[5]/div[3]/span/button,,,
resource_add_button_manual,xpath,//button[@ type='submit'],,,
edit_config_manual,xpath,//div[2]/div/div[4]/div[1]/button,,,
add_new_config_file,xpath,//div[2]/div/div[5]/div[1]/button/span[1],,,
resource_type_file,xpath,//div[3]/div/div[2]/form/div[1]/div/div[1]/div/div/div,,,
resource_type_patient,xpath,"//*[@id=""menu-""]/div[3]/ul/li[5]",,,
file_type_file,xpath,"//*[@id=""resources[0].fileType-select""]",,,
file_start_date,xpath,//div[3]/div/div[2]/form/div[1]/div/div[3]/div/div/div/div/button,,,
resource_file_edit,xpath,//div[2]/div/div[5]/div[1]/button,,,
resource_file_edit_add,xpath,//div[3]/div/div[2]/form/div[2]/button[2],,,
it_add_pricelist,xpath,"//*[contains(text(),'Add Price List')]",,,
pricelist_filename,xpath,//div[3]/div/div[2]/div[1]/div/div/div,,,
prescription_drug_it,xpath,"//*[contains(text(),'Prescription Drug')]",,,
pricelist_choose_file,xpath,//input[@type='file'],,,
pricelist_add_it,xpath,//div[3]/div/div[2]/div[3]/button[2],,,
pricelist_drug_download,xpath,"//*[@id=""root""]/div/div[3]/div[2]/div/div[7]/div[2]/div/div/div/div/div[1]/div[2]/div[3]/div[2]/div/div/div/div[1]/div/span",,,
time_based_it_add_config,xpath,"//*[@id=""root""]/div/div[3]/div[2]/div/div[6]/div[1]/button/span[1]",,,
time_based_it_resource_type,xpath,"//*[@id=""resources[0].resource-select""]",,,
time_based_it_resource_item,xpath,"//*[@id=""menu-""]/div[3]/ul/li[5]",,,
time_based_it_resource_item1,xpath,"//*[@id=""menu-""]/div[3]/ul/li[6]",,,
time_based_fre_it,xpath,"//*[@id=""resources[0].frequency-select""]",,,
time_start_date_it,xpath,//div[3]/div/div[2]/form/div[1]/div/div[4]/div/div/div/div/button,,,
time_start_time_it,xpath,//div[3]/div/div[2]/form/div[1]/div/div[5]/div/div/div/div/button,,,
time_add_it,xpath,//div[3]/div/div[2]/form/div[2]/button[2],,,
pricelist_it_edit,xpath,"//*[@id=""root""]/div/div[2]/div[2]/div/div[7]/div[2]/div/div/div/div/div[1]/div[2]/div[3]/div[3]/div[1]/div/div/span/button[1]",,,
itadmin_user_save,xpath,//div[3]/div/div[2]/form/div[2]/button[1],,,
itadmin_thirdparty_tab,xpath,"//*[contains(text(),'Third Party Developers')]",,,
itadmin_invite_developer,xpath,"//*[contains(text(),'Invite developer')]",,,
itadmin_developer_aff,xpath,"//*[@id=""affiliates[0].id-select""]",,,
itadmin_developer_lob,xpath,"//*[@id=""plans""]",,,
itadmin_developer_save,xpath,//div[3]/div/div[2]/form/div[2]/button[1],,,
itadmin_developer_aff_item,xpath,"//*[@id=""menu-""]/div[3]/ul/li[1]",,,
lob_it_search,xpath,"//*[@id=""outlined-adornment-amount""]",,,
lob_search_item,xpath,//div[2]/div/div[1]/div[2]/div/div/div/div/div/div/div[1]/div[2]/div[3]/div[2]/div/div/div/div[1]/div/span,,,
itadmin_users_edit,xpath,//div[1]/div/div/span/button[1],,,
remove_role_it,xpath,//div[3]/div/div[2]/form/div[1]/div[4]/div/div/div/div/div[2]/button[1],,,
delete_user_it,xpath,"//*[@id=""root""]/div/div[3]/div[2]/div/div[2]/div[2]/div[1]/div/div/div/div/div/div[1]/div[2]/div[3]/div[3]/div[1]/div/div/span/button[2]",,,
users_title,xpath,"//*[contains(text(),'Manage Users')]",,,
confirm_delete,xpath,"//*[contains(text(),'Confirm')]",,,
user_role_text,xpath,/html/body/div[6]/div[3]/div/div[2]/form/div[1]/div[4]/div/div/div/div/div[1]/span,,,
thirdparty_title,xpath,"//*[contains(text(),'Welcome')]",,,
This_field_is_required,xpath,"//*[@id=""name-helper-text""]",,,
org_create_popup,xpath,"//*[contains(text(),'Setup Organization')]",,,
org_edit_popup,xpath,"//*[contains(text(),'Edit Organization details')]",,,
org_edit_success,xpath,"//*[contains(text(),'Organization Name')]",,,
org_add_address_popup,xpath,"//*[contains(text(),'Add Address')]",,,
org_edit_address_popup,xpath,"//*[contains(text(),'Edit Address')]",,,
org_edit_address_success,xpath,"//*[contains(text(),'Addresses')]",,,
aff_create_popup,xpath,/html/body/div[7]/div[3]/div/div[1]/h6,,,
aff_create_success,xpath,"//*[contains(text(),'Affiliate created successfully')]",,,
aff_edit_success,xpath,"//*[contains(text(),'Affiliate updated successfully')]",,,
aff_edit_popup,xpath,"//*[contains(text(),'Edit Affiliate')]",,,
org_add_success,xpath,"//*[contains(text(),'Address created successfully')]",,,
org_add_edit_success,xpath,"//*[contains(text(),'Address updated successfully')]",,,
logo_upload,xpath,//input[@type='file'],,,
Add_lob_title,xpath,"//*[contains(text(),'Add LOB')]",,,
Add_lob_success,xpath,"//*[contains(text(),'LOB created successfully')]",,,
LOB_details_title,xpath,"//*[contains(text(),'LOB Details')]",,,
Edit_LOB_title,xpath,"//*[contains(text(),'Edit LOB')]",,,
Edit_LOB_success,xpath,"//*[contains(text(),'LOB updated successfully')]",,,
manual_data_load_config,xpath,"//*[contains(text(),'Manual Data Load Configuration')]",,,
data_load_config_added,xpath,"//*[contains(text(),'Data load configuration added')]",,,
data_load_config_edited,xpath,"//*[contains(text(),'Data load configuration edited')]",,,
file_data_load_config,xpath,"//*[contains(text(),'File Sensed Data Load Configuration')]",,,
time_load_config,xpath,"//*[contains(text(),'Time Based Load Configuration')]",,,
pricelist_popup,xpath,"//*[contains(text(),'Drag and drop document here or')]",,,
pricelist_success,xpath,"//*[contains(text(),'File added successfully')]",,,
users_invitation_success,xpath,"//*[contains(text(),'Invitation send successfully')]",,,
gmail_title,xpath,"//*[contains(text(),'Sign in')]",,,
user_search_item,xpath,"//*[@id=""root""]/div/div[3]/div[2]/div/div[2]/div[2]/div[1]/div/div/div/div/div/div[1]/div[2]/div[3]/div[2]/div/div/div[1]/div[1]/div",,,
affliate_logo,xpath,/html/body/div[7]/div[3]/div/div[2]/div/div/div/button,,,
org_button,xpath,"//*[@id=""root""]/div/div[1]/div/div/div[2]/ul/li[1]/button/span[1]/span",,,
a,xpath,"//*[@id=""root""]/div/div[3]/div[2]/div/div[1]/div/div[2]/div[2]/div/div[2]/div/div/div[1]/div/button[1]",,,
file_sensed,xpath,"//*[@id=""root""]/div/div[3]/div[2]/div/div[5]/div[1]/button/span[1]",,,
error_msg,xpath,"//*[contains(text(),'DB already exist')]",,,
val_msg,xpath,"//*[contains(text(),'This field is required')]",,,
val_msgg,xpath,"//*[contains(text(),'Ein or Db already exist')]",,,
edit_val_msg,xpath,"//*[contains(text(),'Organization Name')]",,,
it_member,xpath,"//*[contains(text(),'Members')]",,,
common_login_title,xpath,"//*[@id=""root""]/div/div/div/div/div/h4",,,
welcome_page_title,xpath,"//*[@id=""root""]/div/div/div/div/div/h4",,,
first_login,xpath,"//*[@id=""root""]/div/div/div/div/div/button",,,
mph_logo,xpath,/html/body/div/div/div/div/div/div/img,,,
landing_logo,xpath,"//*[@id=""root""]/div/div/div/div/div/img",,,
login,xpath,"//*[@id=""kc-login""]",,,
login_title,xpath,"//*[@id=""kc-page-title""]",,,
create_app,xpath,/html/body/div[1]/div/div[3]/div[2]/div/div[1]/div/div[1]/div/div/div[2]/div/button/span[1],,,
create_apph,xpath,"//*[@id=""flyout-panel-dialog-slide-title""]/h6/b",,,
app_name,xpath,"//*[@id=""name""]",,,
auth_do,xpath,"//*[@id=""domainUrl""]",,,
app_des,xpath,"//*[@id=""desc""]",,,
app_em,xpath,"//*[@id=""supportEmail""]",,,
app_li,xpath,"//*[@id=""privacyLink""]",,,
app_terms,xpath,"//*[@id=""termsOfServiceLink""]",,,
query_limit,xpath,/html/body/div[5]/div[3]/div/div[2]/form/div[1]/div[7]/div/div/div[2],,,
app_pr,xpath,"//*[@id=""privacyLink""]",,,
create,xpath,/html/body/div[5]/div[3]/div/div[2]/form/div[2]/button[1]/span[1],,,
xsymbol,xpath,/html/body/div[6]/div[3]/div/div[1]/button,,,
dashboard,xpath,"//*[@id=""root""]/div/div[1]/div/div/div[2]/ul/li[1]/button/span[1]/span",,,
pending,xpath,/html/body/div[1]/div/div[3]/div[2]/div/div[1]/div/div[1]/div/div/div[3]/div/button/div/div[2]/span,,,
pendind1,xpath,"//*[@id=""tab-0""]/span[1]/span",,,
so1,xpath,"//*[@id=""root""]/div/header/div/div[2]/button/span[1]/div",,,
so2,xpath,"//*[@id=""profile-menu""]/div[3]/ul/li[3]",,,
comp_title,xpath,"//*[@id=""root""]/div/div[2]/div[2]/div/div[1]/h2",,,
approve,xpath,"//*[contains(text(),'Approve Request')]",,,
approved,xpath,"//*[@id=""tab-1""]/span[1]/span/span[2]",,,
query_limit1,xpath,/html/body/div[5]/div[3]/div/div[2]/form/div[1]/div[7]/div/div/div[4],,,
pending2,xpath,"//*[@id=""tab-0""]/span[1]/span/span[2]",,,
checking1,xpath,"//*[@id=""tabpanel-0""]/div/div/div/div/div/div/div/div/div[1]/div[2]/div[3]/div[2]/div/div/div[1]/div[1]/div/span",,,
deny,xpath,/html/body/div[5]/div[3]/div/div[2]/div[2]/button[2]/span[1],,,
deny1,xpath,"//*[contains (text(),'Denied')]",,,
approve1,xpath,"//*[contains(text(),'Approved')]",,,
so22,xpath,/html/body/div[2]/div[3]/ul/li[1],,,
dashboardd,xpath,"//*[@id=""root""]/div/div[1]/div/div/div[2]/ul/li[1]/button/span[1]/span",,,
checking,xpath,"//*[@id=""tabpanel-0""]/div/div/div/div/div/div/div/div/div[1]/div[2]/div[3]/div[2]/div/div/div[3]/div[1]/div/span",,,
last_appli,xpath,/html/body/div[1]/div/div[3]/div[2]/div/div[2]/div[2]/div/div/div/div/div/div/div/div/div[1]/div[2]/div[3]/div[2]/div/div/div[last()]/div[1]/div/span,,,
com_ap_last_app,xpath,/html/body/div[1]/div/div[3]/div[2]/div/div[2]/div[3]/div/div/div/div/div/div/div/div/div[1]/div[2]/div[3]/div[2]/div/div/div[last()]/div[1]/div/span,,,
inte_pe_last_app,xpath,/html/body/div[1]/div/div[3]/div[2]/div/div[2]/div[2]/div/div/div/div/div/div/div/div/div[1]/div[2]/div[3]/div[2]/div/div/div[last()]/div[1]/div/span,,,
inte_ap_last_app,xpath,/html/body/div[1]/div/div[3]/div[2]/div/div[2]/div[3]/div/div/div/div/div/div/div/div/div[1]/div[2]/div[3]/div[2]/div/div/div[last()]/div[1]/div/span,,,
cm_third_pending_last_delete,xpath,/html/body/div[1]/div/div[3]/div[2]/div/div[2]/div[2]/div/div/div/div/div/div/div/div/div[1]/div[2]/div[3]/div[3]/div[last()]/div/div/span/button[2]/span[1],,,
cm_third_pending_last_edit,xpath,/html/body/div[1]/div/div[3]/div[2]/div/div[2]/div[2]/div/div/div/div/div/div/div/div/div[1]/div[2]/div[3]/div[3]/div[last()]/div/div/span/button[1]/span[1],,,
api1,xpath,/html/body/div[5]/div[3]/div/div[2]/div[1]/div[14]/div/div[2]/div,,,
checking2,xpath,"//*[@id=""tabpanel-0""]/div/div/div/div/div/div/div/div/div[1]/div[2]/div[3]/div[2]/div/div/div[1]/div[1]/div/span",,,
api,xpath,/html/body/div[5]/div[3]/div/div[2]/div[1]/div[14]/div/div[2]/div,,,
api_xsymbol,xpath,/html/body/div[5]/div[3]/div/div[1]/button,,,
sandbox1,xpath,/html/body/div[1]/div/div[1]/div/div/div[2]/ul/li[4]/button/span[1]/span,,,
authorize,xpath,/html/body/div[1]/div/div[3]/div[2]/div/div[1]/div/div/div[2]/div/div/div[2]/div[2]/div[2]/section/div/button/span,,,
authorize1,xpath,"//*[@id=""tabpanel-0""]/div/div/div[2]/div[2]/div[2]/section/div/div/div[2]/div/div/div[2]/div[1]/form/div[2]/button[1]",,,
into2,xpath,,,,
close,xpath,"//*[@id=""tabpanel-0""]/div/div/div[2]/div[2]/div[2]/section/div/div/div[2]/div/div/div[2]/div[1]/form/div[2]/button[2]",,,
api_input,xpath,"//*[@id=""tabpanel-0""]/div/div/div[2]/div[2]/div[2]/section/div/div/div[2]/div/div/div[2]/div[1]/form/div[1]/div/div[4]/section/input",,,
patient_get,xpath,"//*[@id=""operations-Patient_Access_API-get_Patient_""]/div/button[1]/span[2]/a/span",,,
try_it_out,xpath,/html/body/div[1]/div/div[3]/div[2]/div/div[1]/div/div/div[2]/div/div/div[2]/div[2]/div[4]/section/div/span/div/div/div/span[36]/div/div[2]/div/div[1]/div[1]/div[2]/button,,,
sand_input,xpath,"//*[@id=""operations-Patient_Access_API-get_Patient_""]/div[2]/div/div[1]/div[2]/div/table/tbody/tr[1]/td[2]/input",,,
execute,xpath,"//*[@id=""operations-Patient_Access_API-get_Patient_""]/div[2]/div/div[2]/button",,,
applications,xpath,/html/body/div[1]/div/div[1]/div/div/div[2]/ul/li[2]/button/span[1]/span,,,
sand_approved,xpath,"//*[@id=""tabpanel-1""]/div/div/div/div/div/div/div/div/div[1]/div[2]/div[3]/div[2]/div/div/div/div[1]/div/span",,,
checking3,xpath,/html/body/div[1]/div/div[3]/div[2]/div/div[2]/div[2]/div/div/div/div/div/div/div/div/div[1]/div[2]/div[3]/div[2]/div/div/div/div[1]/div/span,,,
sandbox2,xpath,/html/body/div[1]/div/div[1]/div/div/div[2]/ul/li[5]/button/span[1]/span,,,
encounter,xpath,/html/body/div[1]/div/div[3]/div[2]/div/div[1]/div/div/div[2]/div/div/div[2]/div[2]/div[4]/section/div/span/div/div/div/span[17]/div/div/button[1]/span[2]/a/span,,,
try_it_out1,xpath,/html/body/div[1]/div/div[3]/div[2]/div/div[1]/div/div/div[2]/div/div/div[2]/div[2]/div[4]/section/div/span/div/div/div/span[17]/div/div[2]/div/div[1]/div[1]/div[2]/button,,,
sand_input1,xpath,/html/body/div[1]/div/div[3]/div[2]/div/div[1]/div/div/div[2]/div/div/div[2]/div[2]/div[4]/section/div/span/div/div/div/span[17]/div/div[2]/div/div[1]/div[2]/div/table/tbody/tr[1]/td[2]/input,,,
execute1,xpath,/html/body/div[1]/div/div[3]/div[2]/div/div[1]/div/div/div[2]/div/div/div[2]/div[2]/div[4]/section/div/span/div/div/div/span[17]/div/div[2]/div/div[2]/button,,,
applications_cmsa,xpath,/html/body/div[1]/div/div[1]/div/div/div[2]/ul/li[2]/button/span[1]/span,,,
approve1cmsa,xpath,/html/body/div[1]/div/div[3]/div[2]/div/div[2]/div[1]/div/div/button[2]/span[1]/span/span[2],,,
checking4,xpath,/html/body/div[1]/div/div[3]/div[2]/div/div[2]/div[3]/div/div/div/div/div/div/div/div/div[1]/div[2]/div[3]/div[2]/div/div/div[1]/div[1]/div,,,
device-zf,xpath,"//*[@id=""operations-Patient_Access_API-get_Device""]/div/button[1]/span[2]/a/span",,,
device-try,xpath,/html/body/div[1]/div/div[3]/div[2]/div/div[1]/div/div/div[2]/div/div/div[2]/div[2]/div[4]/section/div/span/div/div/div/span[11]/div/div[2]/div/div[1]/div[1]/div[2]/button,,,
com-san-app,xpath,"//*[@id=""tabpanel-1""]/div/div/div/div/div/div/div/div/div[1]/div[2]/div[3]/div[2]/div/div/div[1]/div[1]/div/span",,,
condition,xpath,/html/body/div[1]/div/div[3]/div[2]/div/div[1]/div/div/div[2]/div/div/div[2]/div[2]/div[4]/section/div/span/div/div/div/span[7]/div/div[1]/button[1]/span[2]/a/span,,,
condition-try-it-out,xpath,"//*[@id=""operations-Patient_Access_API-get_Condition""]/div[2]/div/div[1]/div[1]/div[2]/button",,,
condition-tenet,xpath,"//*[@id=""operations-Patient_Access_API-get_Condition""]/div[2]/div/div[1]/div[2]/div/table/tbody/tr[1]/td[2]/input",,,
Condition-execute,xpath,"//*[@id=""operations-Patient_Access_API-get_Condition""]/div[2]/div/div[2]/button",,,
patient-try-it-out,xpath,/html/body/div[1]/div/div[3]/div[2]/div/div[1]/div/div/div[2]/div/div/div[2]/div[2]/div[4]/section/div/span/div/div/div/span[36]/div/div[2]/div/div[1]/div[1]/div[2]/button,,,
patient-tenat,xpath,/html/body/div[1]/div/div[3]/div[2]/div/div[1]/div/div/div[2]/div/div/div[2]/div[2]/div[4]/section/div/span/div/div/div/span[36]/div/div[2]/div/div[1]/div[2]/div/table/tbody/tr[1]/td[2]/input,,,
patient-execute,xpath,/html/body/div[1]/div/div[3]/div[2]/div/div[1]/div/div/div[2]/div/div/div[2]/div[2]/div[4]/section/div/span/div/div/div/span[36]/div/div[2]/div/div[2]/button,,,
checking_internal ,xpath,/html/body/div[1]/div/div[3]/div[2]/div/div[2]/div[3]/div/div/div/div/div/div/div/div/div[1]/div[2]/div[3]/div[2]/div/div/div[1]/div[1]/div/span,,,
device-execute,xpath,/html/body/div[1]/div/div[3]/div[2]/div/div[1]/div/div/div[2]/div/div/div[2]/div[2]/div[4]/section/div/span/div/div/div/span[11]/div/div[2]/div/div[2]/button,,,
device-tenat,xpath,/html/body/div[1]/div/div[3]/div[2]/div/div[1]/div/div/div[2]/div/div/div[2]/div[2]/div[4]/section/div/span/div/div/div/span[11]/div/div[2]/div/div[1]/div[2]/div/table/tbody/tr[1]/td[2]/input,,,
internal_pricelist,xpath,"//*[@id=""root""]/div/div[1]/div/div/div[2]/ul/li[5]/button/span[1]/span",,,
pricelist_title,xpath,"//*[@id=""root""]/div/div[3]/div[2]/div/h2",,,
search_lobs,xpath,"//*[@id=""outlined-adornment-amount""]",,,
view_price_list_click,xpath,"//*[@id=""root""]/div/div[3]/div[2]/div/div[1]/div[2]/div/div/div/div/div/div/div[1]/div[2]/div[3]/div[2]/div/div/div[1]/div[4]/div/button",,,
any_price_list,xpath,"//*[@id=""root""]/div/div[3]/div[2]/div/div[1]/div[1]/div[2]/div/div/div/div/div/div/div/div[1]/div[2]/div[3]/div[2]/div/div/div[1]/div[3]",,,
any_price_list2,xpath,"//*[@id=""root""]/div/div[3]/div[2]/div/div[1]/div[1]/div[2]/div/div/div/div/div/div/div/div[1]/div[2]/div[3]/div[2]/div/div/div[2]/div[3]/div",,,
price_list_dashboard,xpath,"//*[@id=""root""]/div/div[1]/div/div/div[2]/ul/li[1]/button/span[1]/span",,,
complaince_pricelist,xpath,"//*[@id=""root""]/div/div[1]/div/div/div[2]/ul/li[6]/button/span[1]/span",,,
complaince_search,xpath,"//*[@id=""outlined-adornment-amount""]",,,
sandbox_internal_dashboard,xpath,"//*[@id=""root""]/div/div[1]/div/div/div[2]/ul/li[1]/button/span[1]/span",,,
immunization_cm,xpath,/html/body/div[1]/div/div[3]/div[2]/div/div[1]/div/div/div[2]/div/div/div[2]/div[2]/div[4]/section/div/span/div/div/div/span[23]/div/div[1]/button[1]/span[2]/a/span,,,
immunization_try_it_out,xpath,/html/body/div[1]/div/div[3]/div[2]/div/div[1]/div/div/div[2]/div/div/div[2]/div[2]/div[4]/section/div/span/div/div/div/span[23]/div/div[2]/div/div[1]/div[1]/div[2]/button,,,
immunization_tenet,xpath,/html/body/div[1]/div/div[3]/div[2]/div/div[1]/div/div/div[2]/div/div/div[2]/div[2]/div[4]/section/div/span/div/div/div/span[23]/div/div[2]/div/div[1]/div[2]/div/table/tbody/tr[1]/td[2]/input,,,
immunization_execute,xpath,"//*[@id=""operations-Patient_Access_API-get_Immunization""]/div[2]/div/div[2]/button",,,
patient_cm_api,xpath,/html/body/div[1]/div/div[3]/div[2]/div/div[1]/div/div/div[2]/div/div/div[2]/div[2]/div[4]/section/div/span/div/div/div/span[36]/div/div/button[1],,,
patient_cm_try_it_out,xpath,/html/body/div[1]/div/div[3]/div[2]/div/div[1]/div/div/div[2]/div/div/div[2]/div[2]/div[4]/section/div/span/div/div/div/span[36]/div/div[2]/div/div[1]/div[1]/div[2]/button,,,
patient_cm_tenat,xpath,/html/body/div[1]/div/div[3]/div[2]/div/div[1]/div/div/div[2]/div/div/div[2]/div[2]/div[4]/section/div/span/div/div/div/span[36]/div/div[2]/div/div[1]/div[2]/div/table/tbody/tr[1]/td[2]/input,,,
patient_complaince_execute,xpath,/html/body/div[1]/div/div[3]/div[2]/div/div[1]/div/div/div[2]/div/div/div[2]/div[2]/div[4]/section/div/span/div/div/div/span[36]/div/div[2]/div/div[2]/button,,,
medi_int,xpath,"//*[@id=""operations-Patient_Access_API-get_MedicationKnowledge""]/div/button[1]/span[2]/a/span",,,
medi_try_it_out,xpath,/html/body/div[1]/div/div[3]/div[2]/div/div[1]/div/div/div[2]/div/div/div[2]/div[2]/div[4]/section/div/span/div/div/div/span[29]/div/div[2]/div/div[1]/div[1]/div[2]/button,,,
medi_tenat,xpath,"//*[@id=""operations-Patient_Access_API-get_MedicationKnowledge""]/div[2]/div/div[1]/div[2]/div/table/tbody/tr[1]/td[2]/input",,,
medi_execute,xpath,/html/body/div[1]/div/div[3]/div[2]/div/div[1]/div/div/div[2]/div/div/div[2]/div[2]/div[4]/section/div/span/div/div/div/span[29]/div/div[2]/div/div[2]/button,,,
proce_int,xpath,"//*[@id=""operations-Patient_Access_API-get_Procedure""]/div/button[1]/span[2]/a/span",,,
proce_try_it_out,xpath,"//*[@id=""operations-Patient_Access_API-get_Procedure""]/div[2]/div/div[1]/div[1]/div[2]/button",,,
proce_tenat,xpath,/html/body/div[1]/div/div[3]/div[2]/div/div[1]/div/div/div[2]/div/div/div[2]/div[2]/div[4]/section/div/span/div/div/div/span[40]/div/div[2]/div/div[1]/div[2]/div/table/tbody/tr[1]/td[2]/input,,,
proce_execute,xpath,/html/body/div[1]/div/div[3]/div[2]/div/div[1]/div/div/div[2]/div/div/div[2]/div[2]/div[4]/section/div/span/div/div/div/span[40]/div/div[2]/div/div[2]/button,,,
cm_pe_provider_directory,xpath,/html/body/div[1]/div/div[3]/div[2]/div/div[1]/div/div/div[1]/div/div/button[2]/span[1]/span/span,,,
cm_pe_provider_directory_authorize,xpath,/html/body/div[1]/div/div[3]/div[2]/div/div[1]/div/div/div[3]/div/div/div[2]/div[2]/div[2]/section/div/button/span,,,
cm_pe_provider_directory_api,xpath,/html/body/div[1]/div/div[3]/div[2]/div/div[1]/div/div/div[3]/div/div/div[2]/div[2]/div[2]/section/div/div/div[2]/div/div/div[2]/div[1]/form/div[1]/div/div[4]/section/input,,,
cm_pe_provider_directory_authorize1,xpath,/html/body/div[1]/div/div[3]/div[2]/div/div[1]/div/div/div[3]/div/div/div[2]/div[2]/div[2]/section/div/div/div[2]/div/div/div[2]/div[1]/form/div[2]/button[1],,,
cm_pe_provider_directory_into,xpath,/html/body/div[1]/div/div[3]/div[2]/div/div[1]/div/div/div[3]/div/div/div[2]/div[2]/div[2]/section/div/div/div[2]/div/div/div[2]/div[1]/form/div[2]/button[2],,,
cm_pe_provider_directory_endpoints,xpath,/html/body/div[1]/div/div[3]/div[2]/div/div[1]/div/div/div[3]/div/div/div[2]/div[2]/div[4]/section/div/span/div/div/div/span[1]/div/div/button[1]/span[2]/a/span,,,
cm_pe_provider_directory_tryit,xpath,/html/body/div[1]/div/div[3]/div[2]/div/div[1]/div/div/div[3]/div/div/div[2]/div[2]/div[4]/section/div/span/div/div/div/span[1]/div/div[2]/div/div[1]/div[1]/div[2]/button,,,
cm_pe_provider_directory_tenat,xpath,/html/body/div[1]/div/div[3]/div[2]/div/div[1]/div/div/div[3]/div/div/div[2]/div[2]/div[4]/section/div/span/div/div/div/span[1]/div/div[2]/div/div[1]/div[2]/div/table/tbody/tr[1]/td[2]/input,,,
cm_pe_provider_directory_execute,xpath,/html/body/div[1]/div/div[3]/div[2]/div/div[1]/div/div/div[3]/div/div/div[2]/div[2]/div[4]/section/div/span/div/div/div/span[1]/div/div[2]/div/div[2]/button,,,
cm_ap_provider_directory_healthcareservices,xpath,/html/body/div[1]/div/div[3]/div[2]/div/div[1]/div/div/div[3]/div/div/div[2]/div[2]/div[4]/section/div/span/div/div/div/span[3]/div/div/button[1]/span[2]/a/span,,,
cm_ap_provider_directory,xpath,/html/body/div[1]/div/div[3]/div[2]/div/div[1]/div/div/div[1]/div/div/button[2]/span[1]/span/span,,,
cm_ap_provider_directory_authorize,xpath,/html/body/div[1]/div/div[3]/div[2]/div/div[1]/div/div/div[3]/div/div/div[2]/div[2]/div[2]/section/div/button,,,
cm_ap_provider_directory_api,xpath,/html/body/div[1]/div/div[3]/div[2]/div/div[1]/div/div/div[3]/div/div/div[2]/div[2]/div[2]/section/div/div/div[2]/div/div/div[2]/div[1]/form/div[1]/div/div[4]/section/input,,,
cm_ap_provider_directory_authorize1,xpath,/html/body/div[1]/div/div[3]/div[2]/div/div[1]/div/div/div[3]/div/div/div[2]/div[2]/div[2]/section/div/div/div[2]/div/div/div[2]/div[1]/form/div[2]/button[1],,,
cm_ap_provider_directory_into,xpath,/html/body/div[1]/div/div[3]/div[2]/div/div[1]/div/div/div[3]/div/div/div[2]/div[2]/div[2]/section/div/div/div[2]/div/div/div[2]/div[1]/form/div[2]/button[2],,,
cm_ap_provider_directory_tryit,xpath,/html/body/div[1]/div/div[3]/div[2]/div/div[1]/div/div/div[3]/div/div/div[2]/div[2]/div[4]/section/div/span/div/div/div/span[3]/div/div[2]/div/div[1]/div[1]/div[2]/button,,,
cm_ap_provider_directory_tenat,xpath,/html/body/div[1]/div/div[3]/div[2]/div/div[1]/div/div/div[3]/div/div/div[2]/div[2]/div[4]/section/div/span/div/div/div/span[3]/div/div[2]/div/div[1]/div[2]/div/table/tbody/tr[1]/td[2]/input,,,
cm_ap_provider_directory_execute,xpath,/html/body/div[1]/div/div[3]/div[2]/div/div[1]/div/div/div[3]/div/div/div[2]/div[2]/div[4]/section/div/span/div/div/div/span[3]/div/div[2]/div/div[2]/button,,,
internal_pe_provider_directory,xpath,/html/body/div[1]/div/div[3]/div[2]/div/div[1]/div/div/div[1]/div/div/button[2]/span[1]/span/span,,,
internal_pe_provider_directory_authorize,xpath,/html/body/div[1]/div/div[3]/div[2]/div/div[1]/div/div/div[3]/div/div/div[2]/div[2]/div[2]/section/div/button,,,
internal_pe_provider_directory_api,xpath,/html/body/div[1]/div/div[3]/div[2]/div/div[1]/div/div/div[3]/div/div/div[2]/div[2]/div[2]/section/div/div/div[2]/div/div/div[2]/div[1]/form/div[1]/div/div[4]/section/input,,,
internal_pe_provider_directory_authorize1,xpath,/html/body/div[1]/div/div[3]/div[2]/div/div[1]/div/div/div[3]/div/div/div[2]/div[2]/div[2]/section/div/div/div[2]/div/div/div[2]/div[1]/form/div[2]/button[1],,,
internal_pe_provider_directory_into,xpath,/html/body/div[1]/div/div[3]/div[2]/div/div[1]/div/div/div[3]/div/div/div[2]/div[2]/div[2]/section/div/div/div[2]/div/div/div[2]/div[1]/form/div[2]/button[2],,,
internal_pe_provider_directory_insurance,xpath,/html/body/div[1]/div/div[3]/div[2]/div/div[1]/div/div/div[3]/div/div/div[2]/div[2]/div[4]/section/div/span/div/div/div/span[5]/div/div/button[1]/span[2]/a/span,,,
internal_pe_provider_directory_tryit,xpath,/html/body/div[1]/div/div[3]/div[2]/div/div[1]/div/div/div[3]/div/div/div[2]/div[2]/div[4]/section/div/span/div/div/div/span[5]/div/div[2]/div/div[1]/div[1]/div[2]/button,,,
internal_pe_provider_directory_tenat,xpath,/html/body/div[1]/div/div[3]/div[2]/div/div[1]/div/div/div[3]/div/div/div[2]/div[2]/div[4]/section/div/span/div/div/div/span[5]/div/div[2]/div/div[1]/div[2]/div/table/tbody/tr[1]/td[2]/input,,,
internal_pe_provider_directory_execute,xpath,/html/body/div[1]/div/div[3]/div[2]/div/div[1]/div/div/div[3]/div/div/div[2]/div[2]/div[4]/section/div/span/div/div/div/span[5]/div/div[2]/div/div[2]/button,,,
internal_ap_provider_directory,xpath,/html/body/div[1]/div/div[3]/div[2]/div/div[1]/div/div/div[1]/div/div/button[2]/span[1]/span/span,,,
internal_ap_provider_directory_location,xpath,/html/body/div[1]/div/div[3]/div[2]/div/div[1]/div/div/div[3]/div/div/div[2]/div[2]/div[4]/section/div/span/div/div/div/span[7]/div/div/button[1]/span[2]/a/span,,,
internal_ap_provider_directory_tryit,xpath,/html/body/div[1]/div/div[3]/div[2]/div/div[1]/div/div/div[3]/div/div/div[2]/div[2]/div[4]/section/div/span/div/div/div/span[7]/div/div[2]/div/div[1]/div[1]/div[2]/button,,,
internal_ap_provider_directory_authorize,xpath,/html/body/div[1]/div/div[3]/div[2]/div/div[1]/div/div/div[3]/div/div/div[2]/div[2]/div[2]/section/div/button/span,,,
internal_ap_provider_directory_tenat,xpath,/html/body/div[1]/div/div[3]/div[2]/div/div[1]/div/div/div[3]/div/div/div[2]/div[2]/div[4]/section/div/span/div/div/div/span[7]/div/div[2]/div/div[1]/div[2]/div/table/tbody/tr[1]/td[2]/input,,,
internal_ap_provider_directory_execute,xpath,/html/body/div[1]/div/div[3]/div[2]/div/div[1]/div/div/div[3]/div/div/div[2]/div[2]/div[4]/section/div/span/div/div/div/span[7]/div/div[2]/div/div[2]/button,,,
internal_ap_provider_directory_authorize,xpath,/html/body/div[1]/div/div[3]/div[2]/div/div[1]/div/div/div[3]/div/div/div[2]/div[2]/div[2]/section/div/button/span,,,
internal_ap_provider_directory_api,xpath,/html/body/div[1]/div/div[3]/div[2]/div/div[1]/div/div/div[3]/div/div/div[2]/div[2]/div[2]/section/div/div/div[2]/div/div/div[2]/div[1]/form/div[1]/div/div[4]/section/input,,,
internal_ap_provider_directory_authorize1,xpath,/html/body/div[1]/div/div[3]/div[2]/div/div[1]/div/div/div[3]/div/div/div[2]/div[2]/div[2]/section/div/div/div[2]/div/div/div[2]/div[1]/form/div[2]/button[1],,,
eg,xpath,"//*[@id=""tabpanel-0""]/div/div/div/div/div/div/div/div/div[1]/div[2]/div[3]/div[2]/div/div/div[last()]/div[1]/div/span",,,
thirdparty_pending_dashboard,xpath,/html/body/div[1]/div/div[3]/div[2]/div/div[1]/div/div[1]/div/div/div[3]/div/button/div/div[2]/span,,,
thirdparty_pending_dashboard_appli,xpath,"//*[@id=""root""]/div/div[3]/div[2]/div/div[1]/h2",,,
thirdparty_delete,xpath,"//*[@id=""tabpanel-0""]/div/div/div/div/div/div/div/div/div[1]/div[2]/div[3]/div[3]/div[1]/div/div/span/button[2]/span[1]",,,
thirdparty_confirm,xpath,/html/body/div[6]/div[3]/div/div[3]/button[2]/span[1],,,
thirdparty_edition,xpath,/html/body/div[1]/div/div[3]/div[2]/div/div[2]/div[2]/div/div/div/div/div/div/div/div/div[1]/div[2]/div[3]/div[3]/div[1]/div/div/span/button[1]/span[1],,,
thirdparty_edition_navigation_page,xpath,/html/body/div[5]/div[3]/div/div[1]/h6/b,,,
thirdparty_updation,xpath,/html/body/div[5]/div[3]/div/div[2]/form/div[2]/button[1]/span[1],,,
thirdparty_Applications,xpath,/html/body/div[1]/div/div[3]/div[2]/div/div[1]/h2,,,
thirdparty_approved_list_checking,xpath,/html/body/div[1]/div/div[3]/div[2]/div/div[2]/div[1]/div/div/button[2]/span[1]/span/span[2],,,
thirdparty_denied_list_checking,xpath,/html/body/div[1]/div/div[3]/div[2]/div/div[2]/div[1]/div/div/button[3]/span[1]/span/span[2],,,
click_thirdparty_dashboard,xpath,/html/body/div[1]/div/div[1]/div/div/div[2]/ul/li[1]/button/span[1]/span,,,
click_thirdparty_pricelist,xpath,/html/body/div[1]/div/div[1]/div/div/div[2]/ul/li[5]/button/span[1]/span,,,
thirdparty_pricelist_dashboard,xpath,/html/body/div[1]/div/div[3]/div[2]/div/h2,,,
thirdparty_search_lobs,xpath,"//*[@id=""outlined-adornment-amount""]",,,
thirdparty_view_price_list,xpath,"//*[@id=""root""]/div/div[3]/div[2]/div/div[1]/div[2]/div/div/div/div/div/div/div[1]/div[2]/div[3]/div[2]/div/div/div[1]/div[4]/div/button",,,
thirdparty_any_price_list,xpath,"//*[@id=""root""]/div/div[3]/div[2]/div/div[1]/div[1]/div[2]/div/div/div/div/div/div/div/div[1]/div[2]/div[3]/div[2]/div/div/div[1]/div[3]",,,
thirdparty_any_price_list2,xpath,"//*[@id=""root""]/div/div[3]/div[2]/div/div[1]/div[1]/div[2]/div/div/div/div/div/div/div/div[1]/div[2]/div[3]/div[2]/div/div/div[2]/div[3]/div",,,
thirdparty_price_list_dashboard,xpath,"//*[@id=""root""]/div/div[1]/div/div/div[2]/ul/li[1]/button/span[1]/span",,,
thirdparty_logout,xpath,"//*[@id=""root""]/div/header/div/div[2]/button/span[1]/div",,,
thirdparty_signout,xpath,"//*[@id=""profile-menu""]/div[3]/ul/li[3]",,,
cm_third_pending,xpath,/html/body/div[1]/div/div[3]/div[2]/div/div[1]/div/div[1]/div/div/div[3]/div/button/div/div[2]/span,,,
cm_third_first_app_dash,xpath,"//*[@id=""root""]/div/div[3]/div[2]/div/div[1]/h2",,,
cm_third_first_application_list,xpath,/html/body/div[1]/div/div[3]/div[2]/div/div[2]/div[2]/div/div/div/div/div/div/div/div/div[1]/div[2]/div[3]/div[2]/div/div/div[1]/div[1]/div/span,,,
cm_third_first_application_approve,xpath,/html/body/div[5]/div[3]/div/div[2]/div[2]/button[1]/span[1],,,
cm_third_click_pending_for_deny,xpath,"//*[@id=""tab-0""]/span[1]/span/span[2]",,,
cm_third_first_application_deny,xpath,"//*[@id=""tabpanel-0""]/div/div/div/div/div/div/div/div/div[1]/div[2]/div[3]/div[2]/div/div/div[1]/div[1]/div/span",,,
cm_third_deny_button,xpath,/html/body/div[5]/div[3]/div/div[2]/div[2]/button[2]/span[1],,,
cm_third_approvelist,xpath,"//*[contains(text(),'Approved')]",,,
cm_third_deny_list,xpath,"//*[contains (text(),'Denied')]",,,
cm_third_dashboard,xpath,"//*[@id=""root""]/div/div[1]/div/div/div[2]/ul/li[1]/button/span[1]/span",,,
,,,,,
internal_loginpage_first_title,xpath,/html/body/div[1]/div/div[3]/div[2]/div/div[1]/div/div[1]/div/div/div[1]/span/b,,,
internal_create_app_button,xpath,"//*[@id=""root""]/div/div[3]/div[2]/div/div[1]/div/div[1]/div/div/div[2]/div/button/span[1]",,,
internal_create_app_page,xpath,/html/body/div[5]/div[3]/div/div[1]/h6/b,,,
internal_check_pending_first,xpath,"//*[@id=""tab-0""]/span[1]/span/span[2]",,,
,,,,,
third_party_negative_login_validation_msg,xpath,/html/body/div/div[2]/div/div/div[1]/div/form/div[1]/span,,,
third_party_cancel,xpath,/html/body/div[5]/div[3]/div/div[2]/form/div[2]/button[2]/span[1],,,
application_cancel_cross_button,xpath,/html/body/div[5]/div[3]/div/div[1]/button/span[1],,,
thirdparty_negative_update,xpath,/html/body/div[5]/div[3]/div/div[2]/form/div[2]/button[1]/span[1],,,
thirdparty_negative_pending,xpath,/html/body/div[1]/div/div[3]/div[2]/div/div[1]/div/div[1]/div/div/div[3]/div/button/div/div[2]/span,,,
third_party_create_app_button,xpath,"//*[@id=""root""]/div/div[3]/div[2]/div/div[1]/div/div[1]/div/div/div[2]/div/button/span[1]",,,
third_party_negative_app_create_page,xpath,/html/body/div[5]/div[3]/div/div[1]/h6/b,,,
thirdparty_application_cancel_cross_button,xpath,/html/body/div[6]/div[3]/div/div[1]/button/span[1],,,
last_app,xpath,"//*[@id=""tabpanel-0""]/div/div/div/div/div/div/div/div/div[1]/div[2]/div[3]/div[2]/div/div/div[last()]/div[1]/div/span",,,
thirdparty_negative_update,xpath,/html/body/div[5]/div[3]/div/div[2]/form/div[2]/button[1]/span[1],,,
validation_msg,xpath,/html/body/div/div[2]/div/div/div[1]/div/form/div[1]/span,,,
internal_pricelist_negative_dash,xpath,"//*[@id=""root""]/div/div[1]/div/div/div[2]/ul/li[5]/button/span[1]/span",,,
internal_create_app_heading,xpath,/html/body/div[5]/div[3]/div/div[1]/h6/b,,,
internal_dashboard_sandbox_navigation_page,xpath,/html/body/div[1]/div/div[3]/div[2]/div/div[1]/div/h2,,,
internal_allergyintolerance,xpath,/html/body/div[1]/div/div[3]/div[2]/div/div[1]/div/div/div[2]/div/div/div[2]/div[2]/div[4]/section/div/span/div/div/div/span[1]/div/div[1]/button[1]/span[2]/a/span,,,
internal_allergyintolerance_try_it_out,xpath,/html/body/div[1]/div/div[3]/div[2]/div/div[1]/div/div/div[2]/div/div/div[2]/div[2]/div[4]/section/div/span/div/div/div/span[1]/div/div[2]/div/div[1]/div[1]/div[2]/button,,,
internal_allergyintolerance_tenant_field,xpath,/html/body/div[1]/div/div[3]/div[2]/div/div[1]/div/div/div[2]/div/div/div[2]/div[2]/div[4]/section/div/span/div/div/div/span[1]/div/div[2]/div/div[1]/div[2]/div/table/tbody/tr[1]/td[2]/input,,,
internal_allergyintolerance_execute,xpath,/html/body/div[1]/div/div[3]/div[2]/div/div[1]/div/div/div[2]/div/div/div[2]/div[2]/div[4]/section/div/span/div/div/div/span[1]/div/div[2]/div/div[2]/button,,,
internal_dashboard_applications,xpath,/html/body/div[1]/div/div[1]/div/div/div[2]/ul/li[2]/button/span[1],,,
internal_dashboard_applications_pending,xpath,/html/body/div[1]/div/div[3]/div[2]/div/div[2]/div[1]/div/div/button[1]/span[1]/span/span[2],,,
internal_logout,xpath,/html/body/div[1]/div/div[3]/div[2]/div/div[1]/div/div/div[2]/div/div/div[2]/div[2]/div[2]/section/div/div/div[2]/div/div/div[2]/div[1]/form/div[2]/button[1],,,
navigated_welcomepage,xpath,/html/body/div/div/div/div/div/div/h4,,,
thirdparty_dash_title,xpath,/html/body/div[1]/div/div[1]/div/div/div[2]/ul/li[1]/button/span[1]/span,,,
pending_navigation,xpath,/html/body/div[1]/div/div[3]/div[2]/div/div[1]/h2,,,
internal_pending_last_delete,xpath,/html/body/div[1]/div/div[3]/div[2]/div/div[2]/div[2]/div/div/div/div/div/div/div/div/div[1]/div[2]/div[3]/div[3]/div[1]/div/div/span/button[2],,,
internal_approve_dash,xpath,"//*[@id=""tab-1""]",,,
revoke_acess,xpath,/html/body/div[5]/div[3]/div/div[2]/div[2]/button/span[1],,,
app_last_app,xpath,/html/body/div[1]/div/div[3]/div[2]/div/div[2]/div[3]/div/div/div/div/div/div/div/div/div[1]/div[2]/div[3]/div[2]/div/div/div[last()]/div[1]/div/span,,,
com_deny_dash,xpath,/html/body/div[1]/div/div[3]/div[2]/div/div[2]/div[1]/div/div/button[3]/span[1]/span/span[2],,,
com_page,xpath,/html/body/div[1]/div/div[3]/div[2]/div/div[1]/div/div[2]/div/div/div[2]/div/button/span[1],,,
com_sand_landing_page,xpath,"//*[@id=""tab-0""]/span[1]/span/span",,,
logout,xpath,"//*[@id=""tabpanel-1""]/div/div/div[2]/div[2]/div[2]/section/div/div/div[2]/div/div/div[2]/div[1]/form/div[2]/button[1]",,,
cm_appli,xpath,"//*[@id=""root""]/div/div[1]/div/div/div[2]/ul/li[2]/button/span[1]/span",,,
we,xpath,/html/body/div/div/div/div/div/div/h4,,,
p,xpath,"//*[@id=""root""]/div/div[3]/div[2]/div/div[1]/div/div[1]/div/div/div[3]/div/button/div/div[2]/span",,,
page1,xpath,"//*[@id=""tabpanel-0""]/div/div/nav/ul//button",,,
page2,xpath,"//*[@id=""tabpanel-0""]/div/div/nav/ul//button",,,
h,xpath,"//*[@id=""tabpanel-0""]/div/div/nav/ul/li[6]/button/span",,,
com_price,xpath,"//*[@id=""root""]/div/div[1]/div/div/div[2]/ul/li[6]/button/span[1]/span",,,
,xpath,/html/body/div[1]/div/div[3]/div[2]/div/div[1]/div[2]/div/div/div/div/div/div/div[1]/div[2]/div[3]/div[2]/div/div/div/div[4]/div/button/span[1],,,
sandbox_success_allergy,xpath,"//*[@id=""operations-Patient_Access_API-get_AllergyIntolerance""]/div[2]/div/div[3]/div[2]/div/div/table/tbody/tr/td[1]",,,
sandbox_success_immu,xpath,"//*[@id=""operations-Patient_Access_API-get_Immunization""]/div[2]/div/div[3]/div[2]/div/div/table/tbody/tr/td[1]",,,
sandbox_success_endpoints,xpath,"//*[@id=""operations-Provider_APIs-get_Endpoint""]/div[2]/div/div[3]/div[2]/div/div/table/tbody/tr/td[1]",,,
price_lob_title,xpath,"//*[contains(text(),'LOBs')]",,,
sandbox_success_encounter,xpath,"//*[@id=""operations-Patient_Access_API-get_Encounter""]/div[2]/div/div[3]/div[2]/div/div/table/tbody/tr/td[1]",,,
price_list_de,xpath,"//*[contains(text(),'Price List Details')]",,,
